customer_id,first_name,last_name,email,city
1,Stacy,Calderon,reillypatrick@example.net,Lake Michelle
2,Zachary,Lewis,kyle36@example.com,Christopherview
3,Andrea,Fitzgerald,idiaz@example.net,South Joshuaview
4,Bruce,Powell,sfoster@example.org,Roblesbury
5,Phyllis,Kennedy,shaungiles@example.org,Heatherbury
6,Trevor,Bennett,adamthomas@example.net,East Markbury
7,Ashley,Moore,vhammond@example.org,Lake Andrea
8,Claire,Clark,mooredaniel@example.com,Ivanberg
9,Patricia,Goodman,mmoon@example.net,Frenchview
10,Darren,Martin,nicholegarcia@example.com,Gomezborough
11,Eric,Williams,jchambers@example.net,West Nicole
12,Danielle,Riley,sarahcastro@example.net,Smithberg
13,Julie,King,edwardstina@example.net,West Leslie
14,Robert,Brown,robertsterri@example.net,Flowersshire
15,George,White,daniel72@example.com,Port Erin
16,Walter,Meyer,westapril@example.net,South Lisa
17,Michael,Taylor,howardvictoria@example.net,Port Amber
18,Angela,Fisher,gwade@example.net,North Lisafort
19,Melinda,Palmer,cookjames@example.com,Lake Shaunburgh
20,Nathan,Mitchell,cindycampbell@example.net,West Stephenchester
21,Mary,Fowler,peter36@example.net,Karenburgh
22,Christine,Peterson,robertberger@example.net,Port Amyshire
23,Michael,Bradley,fgordon@example.com,Turnerport
24,Mary,Horton,greenalyssa@example.net,Johnathanhaven
25,Alicia,Lambert,zbullock@example.com,Port Stephen
26,Cynthia,Grant,laurensmith@example.com,Port Tony
27,Devon,Lewis,sandrawilcox@example.org,East Johnside
28,Hannah,Armstrong,michaelbarnes@example.com,Port Andrewland
29,Robert,Long,brownkevin@example.org,Johnsonport
30,Tiffany,Taylor,nelsonjason@example.com,North Sabrinamouth
31,Wendy,Morales,ronaldrivera@example.com,New Davidberg
32,James,Bryan,sandra25@example.com,South Robertport
33,Brittany,Dickerson,brobertson@example.com,North Deborahchester
34,Tina,Curtis,albert78@example.com,Lake Julie
35,Michael,Taylor,marymays@example.net,East Cynthia
36,Erin,Thomas,jenniferroth@example.org,West Shannonchester
37,Daniel,Brooks,susanchavez@example.net,South Kim
38,Barbara,Newman,ilopez@example.com,South Eddie
39,Melissa,Schroeder,eharris@example.net,East Gavin
40,Tara,West,darrellbeard@example.net,New Timothy
41,Rebecca,Williams,brittanyreyes@example.net,East Amber
42,Stacey,Elliott,michael23@example.net,East Rogerside
43,Brittany,Harper,wwaters@example.org,Lake Feliciatown
44,Kimberly,Davis,edward86@example.com,Wrightmouth
45,Anthony,Thompson,christina98@example.org,Danielleville
46,Traci,Villanueva,stephen42@example.org,Ronaldland
47,Kristen,Martin,idavis@example.com,Port Dianahaven
48,Kevin,Ortega,sheakevin@example.net,Lake Ronaldfurt
49,Julie,Murphy,gonzalezwilliam@example.net,Edwardsmouth
50,Anthony,Gutierrez,stevenwood@example.net,New Randallchester
51,John,Lynch,lauren96@example.org,Owensport
52,Kristie,Pierce,reedkaren@example.org,Keithborough
53,Lisa,Jones,aaronryan@example.net,Port Kyleberg
54,Kevin,Hanson,kimberlyford@example.com,Lake Jeremiah
55,Brittany,Carroll,millerrobert@example.org,Brownview
56,Diana,Flores,timothy28@example.net,North Aprilhaven
57,Jillian,Mckee,uburns@example.org,East Corey
58,Michelle,Peters,gonzalesmatthew@example.com,Port Christina
59,Andrew,Velasquez,vburns@example.org,South Timothyborough
60,Lisa,Pitts,tiffany17@example.net,Michelefort
61,Nicole,Lucero,andersonstephen@example.com,South Elizabethville
62,Brittany,Alvarez,adam75@example.org,West Brett
63,Brian,Baker,lisa34@example.com,Hillshire
64,Joan,Smith,lisa60@example.org,Lake Kristina
65,Lori,Rios,lisa53@example.net,Lake Kyle
66,Tracy,Miller,stewartmichelle@example.com,Jamiemouth
67,Michael,Perkins,kallen@example.net,Stephaniefurt
68,Nathan,Smith,eduardohart@example.com,Brookeville
69,Jennifer,Gordon,tara57@example.net,South Jacquelineland
70,Cristina,Ramos,barbara34@example.net,Lake Kerryfurt
71,Amy,Hall,obrienstephanie@example.org,Alexton
72,Amber,Cruz,umurray@example.com,Lake Stephanie
73,Jennifer,Moss,savannahzimmerman@example.net,Tanyaville
74,Joshua,Wright,adamgonzalez@example.com,East Katie
75,Thomas,Martin,huntjason@example.com,Port Anthony
76,Richard,Wagner,james52@example.org,South Jessica
77,Cynthia,Cruz,anthonyrosario@example.com,Port Cindy
78,Emily,Wright,joshuajones@example.net,Meyerport
79,Richard,Rose,ejackson@example.com,South Ericburgh
80,Daniel,Bernard,fosborn@example.org,Millerhaven
81,Melissa,Barajas,racheljones@example.com,North Emilyfurt
82,John,Montes,sarah62@example.com,Hayesside
83,Zachary,Weaver,kcollins@example.org,Pricefort
84,Lisa,Gibson,ufrey@example.org,South Jessicatown
85,William,Daniel,parkerrobert@example.net,Ashleyfurt
86,Gary,Ortiz,pottssarah@example.net,Jeromeville
87,Charles,Smith,vmcdowell@example.com,Sheilaview
88,Brian,Howard,kenneth55@example.org,Mccarthyport
89,Courtney,Lewis,phillipsdana@example.net,Barnesview
90,Stacie,Wilson,evanpeck@example.com,Michaelchester
91,Barbara,Davis,william95@example.net,Gouldchester
92,Linda,Gutierrez,ibarrajoseph@example.net,Cindyland
93,Karen,Knight,turnerashley@example.org,Benjamintown
94,James,Reyes,jlucas@example.com,Wileyborough
95,Amy,Richmond,hlopez@example.org,East Cathy
96,Larry,Smith,parkeremma@example.net,South Christopherton
97,Christina,Lopez,williamfinley@example.org,East Heidi
98,Taylor,Lawson,alex72@example.com,West Bryanhaven
99,Amy,Acosta,stacywarner@example.com,Youngside
100,Sean,Miles,jorgesmall@example.net,Port Rachel
101,Christina,Butler,emily36@example.com,Smithberg
102,John,Ruiz,jacquelinesaunders@example.org,Brookeview
103,Stacey,Joseph,willisgregory@example.net,Lake Stephanieton
104,Ruben,Taylor,howarddavid@example.net,Port Adam
105,Andre,Marshall,bmeyers@example.com,Brianmouth
106,John,Baird,jsmith@example.org,Lake Patrickhaven
107,Gregory,Mathis,hansenronald@example.org,North Gary
108,Reginald,Lozano,craig57@example.com,Lake Jesseport
109,Fernando,Washington,ywilson@example.net,South Aprilshire
110,Christina,Cole,jonathan65@example.net,East Kristen
111,Lydia,Gentry,carpentersandra@example.net,Williamtown
112,Heidi,Reed,debra20@example.net,North Jacquelineshire
113,Amanda,Pineda,garciaholly@example.org,Carterport
114,Mark,Williams,kellermichele@example.net,West Rebeccatown
115,James,Humphrey,johnsonandrew@example.org,Lake Fred
116,Alan,Young,david38@example.com,East Cindychester
117,James,Dalton,gouldrobert@example.com,Rogerschester
118,Jessica,Greene,elizabethlynch@example.com,South Brian
119,Adam,Lozano,rodneyturner@example.net,Douglasview
120,Autumn,Santos,josephdouglas@example.com,Nortonton
121,Melissa,Andersen,cbray@example.com,South Christopherchester
122,Carlos,Blevins,robinsonkyle@example.net,West Monique
123,Thomas,Kim,bcurtis@example.com,West Steven
124,Ryan,Kaiser,william90@example.com,Heatherstad
125,Shannon,Pearson,april67@example.com,South Thomas
126,James,Bailey,andrew54@example.net,Edwardsview
127,Alyssa,Young,bryantclaudia@example.net,Jacksonbury
128,Timothy,Stewart,harriskathleen@example.org,Christopherview
129,Wendy,Gibson,sally87@example.net,New Dawnmouth
130,Brianna,Maxwell,ballardcourtney@example.net,Hernandezmouth
131,Bill,Reed,kevinvaughn@example.org,West Josephfort
132,Amy,Bowers,jesse69@example.org,South Judithchester
133,Laura,Pratt,kristy38@example.com,Alvaradoport
134,Whitney,Miller,campbellkara@example.org,East Susan
135,Richard,Martin,fbradley@example.net,Meyerstown
136,Bradley,Jackson,kimberlyjones@example.org,New Jefferyshire
137,Tracy,Fitzgerald,davidwilson@example.com,South Shelley
138,Heather,Navarro,pinedajennifer@example.org,New Cindy
139,Adrian,Campbell,qcowan@example.org,Williamsmouth
140,Jeffrey,Sanders,gmunoz@example.org,Port Amandaside
141,Caitlin,Kennedy,ambersimpson@example.com,South Tinabury
142,Andrea,Young,peterrobertson@example.net,Rodriguezhaven
143,Chad,Smith,iholmes@example.org,Port Dylan
144,Michael,Thompson,paulmendez@example.net,Terrishire
145,Paul,Patterson,keith85@example.org,Rickychester
146,Derrick,Morales,lauren95@example.org,Owenberg
147,Matthew,Hudson,laurataylor@example.net,Johnborough
148,Kaitlin,Jackson,longcheryl@example.org,Carolinehaven
149,Bill,Robinson,douglas07@example.net,Charlesburgh
150,John,Carr,dunnmartha@example.org,Aliciachester
151,Jasmine,Sloan,phillipsjason@example.org,Jeffersonfort
152,Brett,Miller,paulajohnson@example.org,Christophertown
153,Ashley,Stevenson,danagarcia@example.com,Johnsonton
154,Sandra,Singleton,christinewoodard@example.net,East Karatown
155,Rebecca,Moore,mccoyamanda@example.com,Nicholasmouth
156,William,Peterson,laura78@example.com,Morganmouth
157,Jane,Hines,sarah73@example.org,West Robert
158,Daniel,Frye,frances12@example.net,Cannonbury
159,Christopher,Johnson,morristhomas@example.com,Lopezborough
160,Joshua,Carpenter,jamesmoody@example.net,Thomaston
161,Carrie,Hobbs,murphycindy@example.net,Hernandezshire
162,Emily,Hoffman,whitejerome@example.com,New Angelastad
163,Teresa,Fitzpatrick,tyler99@example.org,Jamesbury
164,Dalton,Bennett,susanmiller@example.net,North Calvinton
165,Peter,Davis,turnerjonathan@example.com,West Jerryville
166,Jessica,Wright,mejiachristopher@example.com,Chadmouth
167,Allison,Lee,christy91@example.net,North Michelle
168,Debra,Singh,imyers@example.org,Chadton
169,Alexander,Hernandez,jessicawright@example.com,South Wendymouth
170,Crystal,Gonzales,landrynathan@example.net,Tommyburgh
171,Jeffrey,Spears,sheliashaw@example.com,East Jeffrey
172,Kelly,Salazar,jesussmith@example.com,North Julia
173,Kim,Briggs,michaelnavarro@example.com,Barbermouth
174,John,Francis,mturner@example.net,Trevinoburgh
175,Kathleen,Fields,tirwin@example.org,Kellymouth
176,Brittany,Price,yclark@example.org,Briannaberg
177,Adrienne,Craig,samuel26@example.net,Amystad
178,Nicole,Bauer,fduncan@example.com,Gomezburgh
179,James,Morales,sstevens@example.net,West Jessica
180,Michelle,Barrett,davegilbert@example.org,Jasonmouth
181,Theresa,Adams,yvette54@example.com,Phillipshire
182,Rachel,Brock,xwilson@example.net,Alexisport
183,Stephen,Winters,ilawrence@example.net,Amandafurt
184,Donna,Gaines,jwalter@example.org,Angelabury
185,Kristi,Le,wyattjeffrey@example.org,Brianmouth
186,Edwin,James,arthur44@example.com,Lake Alexanderton
187,John,Willis,michelledavidson@example.net,Lake Nicolefort
188,Daniel,Jacobs,sara69@example.com,Port Angel
189,Michael,Clements,andreaabbott@example.com,Michelleberg
190,Andrew,Carrillo,valerie37@example.org,West Joanview
191,Edward,Navarro,john81@example.org,Holmesview
192,Shannon,Peters,lreyes@example.net,New Sara
193,Paul,Brown,ebooth@example.org,Wrightville
194,Candice,Williams,frederick04@example.com,Kristinville
195,Cristian,Weber,nathan87@example.net,Leahborough
196,Joseph,Ramirez,jennifertaylor@example.org,Elizabethfurt
197,Taylor,Bailey,torresdevin@example.net,New Anne
198,Jason,Parsons,johnsonjennifer@example.net,East Johnchester
199,Ashley,Watson,bkennedy@example.com,Taylortown
200,Andrew,Joseph,ymccormick@example.net,Port Sarahside
201,Megan,Miller,petercraig@example.org,East Robinberg
202,Laura,Burns,danareed@example.net,New Melvin
203,Jeffrey,Mcdonald,robert64@example.net,Jenniferberg
204,Hannah,Becker,rebekah40@example.com,New Sean
205,Samantha,Kennedy,wchavez@example.com,Dylanville
206,Jessica,Contreras,sean52@example.org,Gamblefort
207,Nicholas,Andrews,margaret72@example.net,New Jasmineport
208,Alexander,Peterson,megan63@example.com,New Daniel
209,Beth,Ballard,hannah57@example.org,North Lindafurt
210,John,Lewis,hansonrobin@example.org,Brownview
211,Robert,Carter,christopher63@example.org,Wilsonbury
212,Ryan,Wiggins,ngray@example.net,Joshuamouth
213,Kristin,Alvarado,ann00@example.com,Port Davidtown
214,Zachary,Lopez,wnichols@example.net,North Diana
215,Andrew,Long,lisa61@example.com,New Rachelborough
216,Patrick,Hess,rachelhumphrey@example.com,Castillochester
217,Shelly,Martinez,ayalakevin@example.com,North Ryanmouth
218,Debra,Bowers,mary59@example.net,Petersonfort
219,Matthew,Hall,yuamy@example.net,East Charles
220,William,Martinez,garrett92@example.net,South Tarachester
221,Catherine,Hall,melanielogan@example.org,Wilsontown
222,Valerie,Webb,kellichase@example.com,Tylerhaven
223,Julian,Parker,ashleyrussell@example.net,Johnsonville
224,Jill,Harrison,danielle81@example.net,Harristown
225,Jacqueline,Smith,slee@example.com,Dunnstad
226,Stacy,Gould,carterholly@example.org,Drakehaven
227,Jose,Hammond,ashley71@example.net,Juliefurt
228,John,Kent,christy55@example.net,Lake Mark
229,Bradley,Wright,vperkins@example.net,Sullivanville
230,Melissa,Houston,sheilaberry@example.com,North Johnfort
231,Alex,Austin,angelamay@example.net,Garciaview
232,Christopher,Reed,farrellstanley@example.org,New Jared
233,Pamela,Nichols,reyeslori@example.com,East Jasonbury
234,John,Bennett,denise64@example.net,Andrewmouth
235,Vanessa,French,hernandezamanda@example.org,Wilsonview
236,Robert,Swanson,james89@example.org,New Joyberg
237,Virginia,Taylor,emcmahon@example.net,Greenefurt
238,Dennis,Bruce,maryneal@example.com,Barberstad
239,Maria,Roy,thomasalexis@example.com,West Daniel
240,David,Nguyen,kharrington@example.com,Vaughnburgh
241,William,Guerrero,mcgrathterry@example.org,Christinashire
242,Erin,Flores,colinrichardson@example.net,Janetburgh
243,Jill,Walker,paulabest@example.com,West Cheyennehaven
244,Justin,Espinoza,tylerhall@example.com,Clarkmouth
245,Tamara,Russo,walshandrea@example.org,East James
246,Stephen,Thompson,dsmith@example.com,East Laura
247,Lisa,Leon,gwilson@example.org,Justinstad
248,Michael,Martin,cfaulkner@example.net,Littlefurt
249,Tiffany,Hatfield,burkebarbara@example.net,Port Stephanie
250,Christian,Hawkins,cwalker@example.com,East Andrea
251,David,Hunter,hendersonkaren@example.net,Anthonyfort
252,Doris,Ballard,rzimmerman@example.com,East Sabrina
253,Shelby,Martinez,uoneal@example.net,Lauraburgh
254,Maria,Hooper,kkemp@example.com,Michaeltown
255,Maria,Knight,cindy46@example.com,North Kristina
256,Eric,Le,joseph97@example.com,North Davidbury
257,Anthony,Richards,jesse00@example.com,Ashleystad
258,Samuel,Fritz,randalllamb@example.com,West Kimberlystad
259,Andrew,Medina,tyler91@example.net,Wandahaven
260,Brett,Gonzalez,brendawilliams@example.org,Thomasstad
261,Leslie,Jensen,riversnathan@example.com,Yoderborough
262,Ricky,Grant,davidsonjoseph@example.com,Traceyshire
263,Michael,Young,hhopkins@example.com,Riceside
264,Melvin,Lynch,jane81@example.net,Cheryltown
265,Jose,Powell,amy72@example.org,Brownfort
266,Brian,Salazar,ncollins@example.com,Herringmouth
267,Susan,Rodriguez,westbrandon@example.com,East Johnny
268,Grace,Lee,donaldayers@example.net,Lake Cynthiafurt
269,Ashley,Burke,saramitchell@example.com,West Thomasbury
270,Cody,Romero,jesus11@example.com,North Michaelside
271,Tina,Garcia,psmith@example.com,North Brianfort
272,Benjamin,Ryan,rroach@example.org,Aliville
273,Steven,Scott,stevenevans@example.com,Tommyview
274,Tyler,Johnson,bradleysmith@example.org,Danielhaven
275,David,Thomas,davidmorris@example.net,Virginiamouth
276,Jaime,Lowery,paulasmith@example.net,Robertburgh
277,James,Mitchell,crawfordandrea@example.com,Davidmouth
278,David,Austin,gbuckley@example.org,New Bradleyport
279,Anthony,Martinez,carol45@example.net,South Amy
280,Brooke,Parsons,millerjason@example.com,Lake Nicholas
281,Aaron,Taylor,jmorales@example.com,East Deannaborough
282,Allison,Mccullough,jacobsjulie@example.com,Lake Carolineshire
283,Larry,Snyder,lawsonmark@example.com,North Antonio
284,Tammy,Vargas,zsnyder@example.net,Josephburgh
285,Elijah,Taylor,jpeterson@example.net,Moraborough
286,Madeline,Caldwell,morganpierce@example.net,Kristenmouth
287,Jessica,Brown,mendozaaustin@example.net,West Diana
288,Larry,Mendez,kwade@example.org,Cartermouth
289,Jeffery,Hunter,martinezadrienne@example.com,Cynthiaberg
290,Mark,Walters,kevin00@example.net,Andreaside
291,Christina,Cox,cindymosley@example.org,Victorchester
292,Jamie,Armstrong,corycook@example.com,New Melissa
293,Marie,Lopez,rmurphy@example.com,Melvinstad
294,Jonathan,Clark,logan14@example.org,Velazquezville
295,Catherine,Cowan,asandoval@example.com,Lake Robin
296,Christina,Kennedy,edwin00@example.net,Port Brian
297,Lisa,Jones,elizabethjohnson@example.com,Jonesshire
298,Tracy,Moore,williamsbrenda@example.com,South Maxwellborough
299,Teresa,Garcia,ftyler@example.org,North Ronald
300,Kristen,Bailey,leah15@example.net,Davidmouth
301,Steve,Martin,sarah94@example.com,Stoneside
302,Erika,Nichols,jared08@example.net,West Kelly
303,Ethan,Holland,qlarson@example.net,Port Cheryl
304,Leslie,Lopez,josephsantana@example.org,Brianhaven
305,Bradley,Griffin,wilsonnicole@example.org,Thomasburgh
306,William,Roberts,elizabeth10@example.org,South Julieton
307,Robert,Whitney,benjamin74@example.net,New Brandy
308,Laura,Vaughn,chandlerstephanie@example.com,Campbellborough
309,Bradley,Fox,alejandro07@example.com,Burnettburgh
310,Alfred,Guerrero,parkerjacqueline@example.org,Port Devonside
311,Kevin,Cooper,tiffanydunlap@example.com,Walshstad
312,Robert,Bowman,raymonddenise@example.net,Jonathantown
313,Alexander,Garrison,scott00@example.org,West Laurentown
314,Alex,Sanchez,elizabethdavis@example.net,Davisfort
315,Donald,Nguyen,gtorres@example.net,East Jasonville
316,Jay,Conner,yyoung@example.org,Mcclureville
317,Jonathan,Booker,wiseandrew@example.net,Kristashire
318,Donald,Jackson,hornangela@example.com,North Stanley
319,David,Bailey,bakermichael@example.net,Russellport
320,Sandra,Howard,jacquelinegarcia@example.net,Beckburgh
321,Jerome,Ryan,suarezchristine@example.com,Thorntonville
322,Jodi,Branch,corydavis@example.org,Christopherview
323,Jordan,Johns,marthalee@example.com,Lake John
324,Spencer,Brown,melissawilliams@example.net,Ashleymouth
325,Jeremy,Moss,johnstonstephen@example.net,Mccarthyland
326,Denise,Brown,xlopez@example.com,Gloriafort
327,Carlos,Jenkins,michael74@example.org,South Jose
328,Nicole,Weber,pdiaz@example.com,North Brendanstad
329,Joseph,Smith,ashort@example.org,North Alexchester
330,Joshua,Garrison,mccoyjames@example.com,Lake Johnnyside
331,Ashley,Smith,scott09@example.com,Jaybury
332,Paul,Hernandez,jasonking@example.net,Christinastad
333,John,Miller,shannonwilson@example.net,Dalefurt
334,Jennifer,Willis,oliverralph@example.net,Matthewtown
335,Eric,Thomas,meganmullins@example.com,Michelleport
336,Mark,Richardson,anna70@example.org,Grahamville
337,Carlos,Jones,robinjefferson@example.com,Penaberg
338,Megan,Scott,rsaunders@example.org,West Jeanneland
339,Antonio,May,murphycalvin@example.net,Janemouth
340,Morgan,Horton,zhangrichard@example.net,Hurleyfurt
341,Amanda,Nguyen,carolynsmith@example.com,Lake Crystal
342,Jacob,Cooley,javierbennett@example.com,New Garyport
343,Caitlin,Best,cynthiavasquez@example.net,South Taylor
344,Craig,Rodriguez,sandra95@example.org,New Bailey
345,Sarah,Donovan,srodriguez@example.org,Lake Erikaberg
346,William,Bradley,melissaharvey@example.org,Nathanburgh
347,Stephanie,Cook,amanda64@example.org,New Tyler
348,Maria,Acosta,lgreen@example.net,Townsendberg
349,Justin,Price,ewood@example.net,Katelynton
350,Edward,Castillo,robert02@example.net,Beltranborough
351,Alexandra,Rice,cynthiajackson@example.org,Moorefurt
352,Christine,Palmer,fcase@example.net,Colemouth
353,Laura,Benson,jenniferpatton@example.org,East Catherine
354,Jennifer,Harris,donnafoster@example.net,Oliviaport
355,Michelle,Fleming,tommy91@example.net,Stanleymouth
356,Gregory,Mathis,sabrina03@example.org,Michelleport
357,Carrie,Sanchez,robin46@example.net,East Anthonymouth
358,Madison,Obrien,maria35@example.com,Harrisland
359,Katelyn,Alexander,kennethhudson@example.org,East Samanthabury
360,Carrie,Warner,christineroth@example.net,Mcmillanburgh
361,Luis,Montgomery,colonjanet@example.net,North Maryfurt
362,Harry,Roberts,zmckee@example.net,Bellfurt
363,Heather,Gordon,hopkinsjohn@example.net,Emilyborough
364,Amy,Kim,doris50@example.org,Cynthialand
365,Jeffrey,Glass,laurabarnett@example.com,North Christina
366,Karen,Bailey,ibridges@example.org,Joshuaport
367,Manuel,Gray,jonesdavid@example.org,Ryantown
368,Christine,Hayes,bmerritt@example.org,Brownmouth
369,John,Gonzalez,scott98@example.net,Rachelfurt
370,Debra,Adams,mannmichael@example.com,Moraville
371,Richard,Pierce,gabriellaramos@example.com,New Michael
372,Kelly,Hoffman,debra95@example.com,South Lauriefurt
373,Mary,Barnett,andre27@example.net,Flynnland
374,Ricky,Wilson,brownamanda@example.org,South Stanleyhaven
375,Shawn,Watson,fguerrero@example.com,East Lauraport
376,Jeffrey,Perez,timothywilson@example.com,Port Calebfort
377,Wesley,Smith,stephanie67@example.org,Sheliaview
378,Steven,Mcdaniel,joelhuerta@example.com,Lake Daniel
379,Mary,Reeves,margaret99@example.org,Martinezland
380,Michelle,Young,georgemartin@example.org,Kleinport
381,Michelle,Ortiz,hernandezlindsay@example.org,Mccarthyfurt
382,Zachary,Brown,jamesgutierrez@example.net,Wilsonbury
383,Tiffany,Jones,michaelwhite@example.com,Leebury
384,Susan,Mayer,charris@example.org,Annettefurt
385,Chelsey,Armstrong,carpentermichael@example.net,Port Jordan
386,Denise,Chandler,robinsonjessica@example.com,Crystalton
387,Jeremy,French,melinda94@example.net,New Raymondland
388,John,Garrett,davidharvey@example.org,Nicholsport
389,Thomas,Cook,barbara15@example.net,Russelltown
390,Michael,Robbins,xcampbell@example.net,West Michelefort
391,Lisa,Faulkner,lawrence32@example.com,South Johnchester
392,Kyle,Long,leblanckathleen@example.net,Port Daniel
393,Mike,Simpson,traceylawrence@example.com,West Paulstad
394,Amanda,Cooper,matthew98@example.net,Moonborough
395,Christopher,Rodriguez,xdavis@example.com,West Brianchester
396,Christopher,Whitaker,thompsonjacob@example.com,East Ericchester
397,Kelly,Young,johnfreeman@example.com,Port Lindachester
398,Thomas,Jackson,lindsey63@example.org,Michaelville
399,Michele,King,nathan29@example.com,South David
400,James,Lawson,ksanders@example.org,Lake Markhaven
401,Jon,Zimmerman,martinlisa@example.org,North Crystal
402,Maurice,Thomas,joseph54@example.org,Port Wendy
403,Tyler,Sullivan,darryljames@example.com,Port Justinland
404,Eric,Jefferson,joymiller@example.net,North Michealborough
405,Edward,Salas,garrettlogan@example.com,Davidside
406,Kayla,Torres,lopeznorman@example.com,Coreyburgh
407,Katherine,Johnston,stanleysmith@example.net,Conwaymouth
408,Victoria,Aguilar,craig58@example.org,Jacksontown
409,Amanda,Pacheco,ashleyaustin@example.net,Schwartzhaven
410,Micheal,Rice,john12@example.org,Velasquezland
411,Jennifer,Carlson,carlawest@example.com,East Christine
412,Ashley,Houston,hrichmond@example.net,Wrightshire
413,Joel,Roberts,denise06@example.com,East Deborahmouth
414,John,Patterson,hpaul@example.org,West Tiffanyshire
415,Caitlin,Day,marylopez@example.org,Port Steven
416,Robert,Marshall,kpatrick@example.net,West Lindsey
417,Chad,Wade,gillmichael@example.net,Shannonchester
418,Eileen,Mendoza,michaelgomez@example.com,South Jessica
419,Rebecca,Cooper,youngsteven@example.com,Lake Michael
420,Erika,Mathews,davidsonalan@example.org,New Jessica
421,Frank,Lane,fmitchell@example.com,West Karen
422,Jesse,Richardson,qlong@example.org,Anneberg
423,Deborah,Wilson,kyle73@example.com,New Daniel
424,Michael,Gates,pottsjennifer@example.org,Hayeshaven
425,Diana,Johnson,kirsten89@example.com,Woodland
426,Kimberly,Lynch,huntnancy@example.net,Lake Julie
427,Melanie,Wood,ricardo54@example.org,Eileenton
428,Bradley,Short,michaelsmith@example.com,Jamesbury
429,Derrick,Willis,connerrachel@example.com,Kevinview
430,Justin,Contreras,joseph88@example.com,Roweshire
431,Kimberly,Harris,ameyer@example.net,East Michael
432,Christopher,Lloyd,patriciascott@example.com,East Dawnbury
433,Diane,Haynes,stevensonjessica@example.net,Melissaview
434,Steven,Houston,brendasnyder@example.org,Port Troyfort
435,Anthony,Peterson,terriknight@example.com,New Tracimouth
436,Rodney,Collins,morganrobert@example.org,Jasonside
437,Jacqueline,Mendoza,mwatson@example.com,North Raven
438,Brittney,Jackson,mendozakristin@example.net,Lake Debramouth
439,Kristen,Brown,david14@example.org,Port Lisa
440,Ashley,Wagner,othomas@example.org,West Robert
441,Nicholas,Morris,fstephens@example.com,Port Melanie
442,Jessica,Simmons,clarkjesse@example.net,Charlesland
443,Thomas,Arroyo,johncox@example.net,Lake Davidhaven
444,Kristen,Carpenter,yvonnehart@example.org,Zacharymouth
445,Tiffany,Carroll,joshua18@example.org,Lake Teresa
446,Deanna,Scott,jessica32@example.net,Ashleyland
447,Jennifer,Murphy,wconley@example.org,North Jeffreyville
448,Erin,Nunez,qmiller@example.com,Kelseyfurt
449,Scott,Campbell,fsmith@example.org,South Gary
450,David,Daniels,juliawhite@example.org,North Brian
451,Michael,Smith,uleonard@example.org,Elizabethton
452,George,Skinner,bthompson@example.org,Fisherside
453,Troy,Smith,cody11@example.net,South Christopher
454,Todd,Diaz,christophermurphy@example.net,Hoffmanhaven
455,Deborah,Stone,zdouglas@example.org,Bennettburgh
456,Jennifer,Horne,raven83@example.net,Connorbury
457,Jennifer,Brown,michaelcampbell@example.com,West Robert
458,Michael,Hall,fergusontyler@example.net,Dixonport
459,Savannah,Booker,iclark@example.net,New Laurenborough
460,Bryan,Miranda,valentinedouglas@example.net,Deborahborough
461,Samuel,Nguyen,nchambers@example.org,South Michael
462,Anthony,Rowland,anna11@example.org,Brittanymouth
463,Andrew,Haley,trevorburke@example.com,Kelseymouth
464,Amanda,Davidson,stewartmichael@example.org,Mariamouth
465,Michael,Jones,rwest@example.org,Baldwinborough
466,Bryan,Hubbard,hwade@example.org,West Jonathanland
467,Melissa,Campbell,ian46@example.net,New Annatown
468,David,Martinez,volson@example.net,North Katherine
469,Tonya,Chaney,lancemartin@example.org,Lake Ronaldtown
470,Crystal,Phillips,samantha27@example.org,Port Courtney
471,Julie,Lee,pageheidi@example.com,Lake Jonathan
472,Lauren,Roberts,nicoleshaw@example.com,Rothtown
473,Corey,Alexander,carolyncampbell@example.org,West Karen
474,Randy,Miller,marshallkimberly@example.com,Gomezland
475,Peter,Jackson,megan18@example.net,Danielhaven
476,Lindsey,Richardson,kimberly39@example.org,Kevinfurt
477,Jennifer,Sullivan,williamrodriguez@example.com,North Danielhaven
478,Audrey,Brown,ipierce@example.com,Christopherstad
479,Terry,Evans,hchen@example.org,Bradstad
480,Daniel,Allison,sarah46@example.com,Blakebury
481,Tonya,Marshall,perezcharles@example.com,Vazquezmouth
482,Frank,Martin,rjohnson@example.net,Lopezville
483,Bonnie,Jones,catherine44@example.net,West Lauramouth
484,Edwin,Ball,lynn08@example.org,Mooreberg
485,Aaron,Murray,moodyjulie@example.net,Chadville
486,Brian,Sanchez,karla91@example.org,West Janetville
487,Alexander,Bush,millermark@example.net,Lisaburgh
488,Gabriel,Lewis,wfrancis@example.org,Andrewfort
489,Carrie,Garcia,maldonadopamela@example.net,Gibsonshire
490,Eric,Moss,ucooley@example.net,West Mark
491,Kenneth,Williams,donaldjohnson@example.org,Matthewport
492,Katie,Patterson,turnerjamie@example.net,South Johnbury
493,Danielle,Houston,leah89@example.org,Samanthaview
494,Patricia,Reed,lisa84@example.net,South Katherineburgh
495,Douglas,Watson,dawnwilliams@example.org,Michaelfort
496,Mary,Hunter,lmoreno@example.net,Codyfurt
497,Steven,Walker,richardcarrillo@example.org,Rogersmouth
498,Brandon,Parks,carl94@example.net,South Ericaborough
499,Ricky,Hicks,david44@example.org,Tinaberg
500,Andrew,Raymond,melissa90@example.org,New Cassidymouth
501,Michael,Meza,julie63@example.org,West Phillipburgh
502,Sandra,Travis,andreaburke@example.com,South Christinafort
503,Kim,Lee,reginalyons@example.net,Port Dorothy
504,Austin,Steele,dbest@example.org,Lake Chloe
505,Donald,Barnes,wshannon@example.com,Port Laurenside
506,Jonathan,Brown,michael58@example.com,Johnfurt
507,Randy,Collins,jennifer36@example.org,Jenkinshaven
508,Matthew,Wright,nicholas90@example.net,South Charles
509,Brittany,Jarvis,pamelamitchell@example.com,New Krista
510,Joseph,Perez,nataliemcdonald@example.org,Nathanland
511,Scott,Olson,vfranco@example.net,East Stephen
512,Michael,Romero,christopherbuchanan@example.net,Cassidyshire
513,Jeffery,Miranda,johnlyons@example.org,Port Stefaniechester
514,Autumn,Mitchell,yevans@example.net,Scottport
515,Steven,Castillo,jthompson@example.com,Port Paul
516,Michelle,Neal,ffloyd@example.org,East Melaniemouth
517,Michelle,Murray,kcarter@example.com,New Danachester
518,Paula,Griffin,conwaydouglas@example.net,Johnsonburgh
519,Teresa,Taylor,anthonyhobbs@example.org,North Michael
520,Victoria,Lucas,brownkathy@example.net,North Tylerview
521,Manuel,Harris,joshuaorr@example.net,North Claudia
522,Erika,Delgado,lwright@example.com,Andersonstad
523,Kyle,Cole,cmason@example.com,Michelletown
524,Brad,Mcmahon,dcampbell@example.net,Solomonview
525,Brittany,Bond,yowen@example.com,North Valerie
526,Mariah,Hernandez,brittany40@example.org,Timothyhaven
527,Paige,Williams,jaclynmitchell@example.net,New Andrew
528,Jeffrey,Young,guzmanarthur@example.org,Thomastown
529,Samuel,Miller,virginia74@example.com,Lake Nicholaschester
530,Michael,Hill,wrightthomas@example.com,New Brianfurt
531,Shelby,Beasley,tescobar@example.com,Normaview
532,Valerie,Jones,markgarrison@example.net,South Alexandra
533,Bradley,Lee,peter35@example.org,Joemouth
534,Holly,Davis,ambermorris@example.com,West Annbury
535,Gregory,White,vgreen@example.com,Barberberg
536,Eric,Morris,erica40@example.net,Port Rebekahtown
537,Jerome,Sampson,gomezlindsey@example.com,North Jesseside
538,Paul,Parsons,gthomas@example.net,Higginsfort
539,Rodney,Frey,johnsonstephanie@example.com,Pagetown
540,Brenda,David,gary40@example.org,Lake Allisontown
541,Susan,Evans,patty92@example.net,Lake Wendy
542,Kathryn,Greene,richmondblake@example.net,Port Andrewstad
543,Gregory,Brewer,pattersonjasmine@example.net,Port Davidmouth
544,Joshua,Fisher,robertwilson@example.com,Mariaview
545,Julie,Scott,ryan99@example.com,Lake Audreymouth
546,Randy,Morales,xcarpenter@example.com,Wilsonburgh
547,Richard,Collins,jamesmiller@example.net,East Marcoberg
548,Elizabeth,Blake,tsmith@example.com,Lake Shannonberg
549,Alexa,Campbell,tanyacurtis@example.com,South Bethanyberg
550,Alejandro,Johnson,bennetttheresa@example.com,Estradashire
551,Brittney,Higgins,jesse15@example.org,West Heather
552,Dawn,Madden,ehubbard@example.net,Thomaschester
553,Steven,Jimenez,fkirby@example.com,East Mary
554,Brian,Lara,thomastucker@example.org,Maddentown
555,April,Rojas,lisawerner@example.com,Sanfordland
556,Lisa,King,brittany50@example.net,Clarkborough
557,Norma,Woods,shelly48@example.net,Davidton
558,Michael,King,toddkemp@example.com,Gateston
559,Nicholas,Medina,sandra87@example.com,New Kevinmouth
560,Amanda,Miller,lucasthomas@example.com,South Patrick
561,Javier,Crawford,anthony50@example.org,South Rebeccaview
562,Shawn,Stephens,janice19@example.net,Phillipsport
563,Michael,Jackson,barbara64@example.com,Cranemouth
564,Angela,Love,xmurphy@example.com,East Steventown
565,Don,Moran,ericksonkristin@example.org,Jenniferfort
566,Martha,Cline,farmerleslie@example.net,South Kevinstad
567,Clinton,Wells,alexanderreid@example.com,Michaelhaven
568,Adrian,Mendoza,steven77@example.net,Martinezfurt
569,Amy,Lozano,anthony73@example.net,Gonzaleztown
570,Nicolas,Mercer,phillipswesley@example.com,Obrienport
571,Edward,Nielsen,michaelmelton@example.com,North Mathew
572,Robert,Lee,todd72@example.net,Samanthamouth
573,Karen,Meyer,martinezdonna@example.net,East John
574,Shelley,Hebert,cynthia63@example.com,Jessicastad
575,Katherine,Black,tpeters@example.org,South Ronald
576,Anita,Lee,laura43@example.org,East Audreyburgh
577,Greg,Webb,nhumphrey@example.net,East Bradberg
578,Vickie,Duke,smithelizabeth@example.org,Hayesshire
579,Steven,Owen,william85@example.com,Clarkside
580,Corey,Salazar,montgomeryjonathan@example.org,Maryland
581,Sheila,Pierce,troyscott@example.com,Lake Waynemouth
582,Juan,Martin,wilsonanna@example.net,Lake Donald
583,David,Green,tyrone40@example.net,West Markton
584,John,Ayala,saraliu@example.net,South Sarahaven
585,Veronica,Carpenter,janice67@example.com,West Daniel
586,Yolanda,Barnes,acruz@example.net,Currymouth
587,Patrick,Ruiz,hilldouglas@example.org,Lake Chadmouth
588,Katie,Velazquez,bradley18@example.net,Lake Felicia
589,Timothy,Lopez,ghenderson@example.com,South Stephaniestad
590,Kevin,Horton,scox@example.org,Christianport
591,Annette,Underwood,crystaldavis@example.net,Smithfurt
592,Amber,Turner,fbutler@example.net,East Robert
593,John,Jenkins,carrieschroeder@example.com,Margaretberg
594,Jose,Edwards,hcunningham@example.net,West Carlaborough
595,James,Fernandez,ambercampbell@example.org,Lake Maria
596,Kathleen,Smith,jacobhorton@example.com,Kirbyshire
597,Richard,Wilson,jacksonwilliam@example.net,Port Gary
598,Victor,Malone,laurabaker@example.com,Spearsview
599,Karla,Le,fgonzalez@example.net,New Sarahport
600,William,Wilson,wilsonnicholas@example.org,Beltranburgh
601,James,Brooks,krobertson@example.com,North Davidbury
602,Joseph,Brewer,gabrielbarr@example.net,Port Michael
603,Jamie,Anderson,kenneth67@example.com,West Jessicabury
604,Daniel,Lester,xjames@example.com,Kimview
605,Alexis,Dominguez,xbullock@example.org,West Patricia
606,Jason,Barber,santanakelly@example.org,Margaretmouth
607,Jennifer,Cole,ejohnson@example.net,South Kyleborough
608,Jenny,Wright,gjones@example.com,Williamburgh
609,Erin,Russell,hollandallison@example.com,Friedmanhaven
610,Sheila,Hill,susan62@example.com,New Matthewmouth
611,Holly,Crosby,hclark@example.com,Seanberg
612,Michael,Boyd,emorgan@example.net,East John
613,Mark,Jenkins,christophercollins@example.com,Lake Corey
614,Gerald,Vance,vnichols@example.net,South Curtis
615,Tracy,Blevins,wardashley@example.com,Davidchester
616,Kelly,Sexton,aaron15@example.net,South Sandra
617,Willie,Durham,rodriguezsteven@example.net,Jessicastad
618,Clinton,Moore,mariathompson@example.org,Lake Andrewmouth
619,Russell,Smith,quinncrystal@example.net,Port Kaitlynview
620,Alexander,Nash,greennancy@example.net,Fitzgeraldside
621,Jeffrey,Smith,amanda21@example.org,Lake Christopher
622,Kayla,Rubio,michaelford@example.org,South Annaport
623,James,Howard,wayne27@example.org,North Davidhaven
624,Theresa,Lee,rodneyhughes@example.org,South Joseph
625,John,Wiley,lisajohnson@example.org,South Tanyafort
626,James,Cannon,kevinhenry@example.com,North Scottchester
627,George,Brewer,millertonya@example.com,New Rhonda
628,Sarah,Cruz,mpage@example.com,Ericamouth
629,Paula,Anderson,robertwheeler@example.net,New Sarah
630,Kathy,Garcia,sheppardstephen@example.net,Port Lauren
631,Joshua,Zhang,qrivera@example.net,Alexanderbury
632,Erica,Stewart,ochan@example.net,North Robert
633,Randy,Smith,traceybarrera@example.org,Harveyland
634,John,Miller,wrightjames@example.net,Hollowayton
635,Kayla,Padilla,rayvirginia@example.org,Lake Michaelside
636,Ariel,Williamson,qburnett@example.com,Marshfort
637,Sarah,Edwards,anthony49@example.net,Pereztown
638,Kyle,Hill,jeffreymccormick@example.com,East Shawnmouth
639,Sean,Wilson,joshua02@example.net,West Joshua
640,Heather,Sanford,wpalmer@example.org,Marksberg
641,Steven,Conner,deaneduardo@example.net,New Sherylton
642,Jeffrey,Harrell,bradleykent@example.com,South Dawnhaven
643,Selena,Perez,craigclifford@example.org,Lake Joseph
644,David,Collier,vickie13@example.net,Madisonberg
645,Tara,Maynard,elizabeth46@example.net,South Douglasborough
646,Danielle,Miller,vhenderson@example.net,North Andrea
647,Amanda,Daniel,pmiller@example.org,North Jasonburgh
648,Ashley,Martinez,ureynolds@example.org,Wrightstad
649,Kristine,Myers,everettmarc@example.com,Crawfordhaven
650,Michael,Armstrong,jennifer42@example.com,Cassidyview
651,Rebecca,Paul,olittle@example.net,Darrylshire
652,Chase,Hall,josephkennedy@example.net,Blankenshiptown
653,Elizabeth,Schroeder,adickson@example.org,Bellton
654,Kathleen,Gomez,hughesdavid@example.org,Diazville
655,Michael,Allen,jacob21@example.net,New Jeremiahside
656,Allison,Smith,vstevenson@example.net,Kellyborough
657,Maureen,Hill,dominiquegarcia@example.com,East Robertview
658,Keith,Boyer,sarah59@example.com,North Johnberg
659,Kelly,Rios,nmatthews@example.net,Jeremyfurt
660,William,Smith,ekaiser@example.net,Stevenchester
661,Samantha,Moore,jowen@example.com,Barkerfort
662,Derek,Ali,iritter@example.net,North Larryfort
663,Noah,Lucas,vanessa90@example.org,Tiffanyhaven
664,Ashley,House,joshua79@example.org,Michaelville
665,Sandra,Mullen,seanjohnson@example.net,East Tasha
666,Kimberly,Johnson,jeffreyjohnson@example.net,West Michele
667,Robin,Sanchez,zsaunders@example.com,Christineland
668,Erik,Dudley,davistyler@example.net,Hectormouth
669,Kimberly,Short,cherylwilliams@example.com,West Gregoryborough
670,Megan,Chavez,tiffanyestrada@example.com,Tiffanyside
671,Darrell,Stevens,zcompton@example.net,Lake Pamela
672,Renee,Allen,evanflores@example.com,Tuckerborough
673,Thomas,Mathews,afreeman@example.com,New Alexshire
674,Anthony,Berger,amber58@example.net,Clarkland
675,Jason,Ashley,gdavis@example.net,North Thomas
676,Anthony,Chung,vwebster@example.net,Hamiltonview
677,Yolanda,Cunningham,christopherwade@example.net,South Jason
678,Luke,Travis,hshields@example.org,Port Josephland
679,Ryan,Brown,rebekahkennedy@example.com,North Kristen
680,Stefanie,Branch,kevinrobinson@example.com,West Amberfort
681,Terri,Doyle,mary69@example.com,Kristenmouth
682,Michael,Martin,martinezsean@example.org,Chaneyburgh
683,Christy,Jefferson,millersharon@example.net,North Robert
684,Gloria,Trevino,omorton@example.org,Port Michaelfort
685,Danielle,Wagner,iguerrero@example.net,North Danny
686,Andrew,Jefferson,daltonharris@example.net,Williamsmouth
687,Joseph,Hood,pattonsylvia@example.net,Ricechester
688,Jennifer,Mayer,maurice53@example.com,Hamiltonhaven
689,Bradley,Carson,michaeljones@example.net,Nathanielville
690,Kara,Foster,jeffreyewing@example.net,Jenniferport
691,Louis,Pruitt,crystallopez@example.org,Whitneyshire
692,Jonathan,Sullivan,qrivera@example.org,New Kelsey
693,Christopher,Mack,luke81@example.com,West Antoniomouth
694,Amy,Tucker,davidharvey@example.com,Lake Angela
695,Christopher,Williams,allendamon@example.com,West Peter
696,Stephen,Richardson,ericcarr@example.org,New Victoria
697,Gina,Gonzalez,npatton@example.org,East Jennifer
698,Sharon,Ross,gibsonwilliam@example.net,Blairburgh
699,James,Anderson,brenda28@example.net,Bowmanburgh
700,Marie,Ruiz,casey90@example.com,East Peter
701,Nicole,Nelson,jennifer47@example.net,Maloneview
702,Nicholas,Marsh,cruzdeborah@example.net,Hernandezberg
703,David,Baker,pbeltran@example.com,South Danielberg
704,Marilyn,Jackson,angelamcdonald@example.com,North Stevenmouth
705,Monica,Dean,turnerchristopher@example.org,Butlerville
706,William,Mccann,tross@example.org,Loriborough
707,Rachel,Bishop,vincent07@example.com,Becktown
708,Ashlee,Jones,stewartkelsey@example.net,Brendastad
709,Cody,Davis,williamhoward@example.com,Lake Robert
710,Madison,Navarro,xscott@example.net,Mccarthyton
711,Anne,Burnett,powellmarcia@example.org,South Jodi
712,Angela,Doyle,leeodom@example.com,Clarkland
713,Jason,Lane,xdonaldson@example.com,Caseland
714,Lisa,Jackson,debbie71@example.net,South Margaret
715,Stephen,Williams,yharris@example.org,West Johnny
716,Austin,Mills,wcox@example.org,Danielview
717,Brian,Griffin,vmccarty@example.org,Port Ronald
718,Desiree,Davis,hardydawn@example.org,Port Robert
719,Richard,Graves,jon40@example.net,Johnsonfort
720,Derek,Walker,brookebryant@example.org,Port Jenniferborough
721,Crystal,Swanson,alyssa00@example.net,West Christina
722,Abigail,Johnson,yperry@example.org,Johnhaven
723,Susan,Carr,johnny61@example.org,Port Mike
724,Jonathan,Yang,mhawkins@example.com,Joshuaville
725,Patrick,Sweeney,krista42@example.net,Westton
726,Adam,Nichols,jerryhatfield@example.net,Justinland
727,Heather,Patterson,gillwayne@example.org,Wrightland
728,Suzanne,Bennett,danny40@example.com,Michaelshire
729,Melissa,Singh,willie19@example.org,East Toddmouth
730,Julie,Woods,rrodriguez@example.com,Gamblemouth
731,Scott,Cooper,deborahbailey@example.net,Williamsland
732,Tasha,Wilson,hmccormick@example.net,Sharonborough
733,Justin,Deleon,connie45@example.net,Rebeccaburgh
734,Joe,Williams,jasmine33@example.com,North Jonathanstad
735,Jacob,Cordova,sharonpayne@example.net,Nancystad
736,Judy,Nunez,xramos@example.com,New Gerald
737,Michelle,Anderson,john40@example.com,Reginaport
738,Jennifer,Wise,todd42@example.net,Kimberg
739,Traci,Jones,maxwellamanda@example.org,North Kristin
740,Leslie,Cannon,mcdanielkristin@example.org,Lake Christineborough
741,Kevin,Coleman,morrishunter@example.org,Charlesville
742,Connie,Haynes,fraymond@example.com,New Janetburgh
743,Christina,Robertson,brendan70@example.com,Baileyfurt
744,Christopher,Hammond,jjackson@example.com,Juarezmouth
745,Lisa,Ellis,jacobholmes@example.com,Sotofort
746,Sandra,Walter,lisa03@example.org,Shealand
747,Carrie,Hartman,brianna44@example.org,Lake Patricia
748,Cody,Sharp,bryankeller@example.com,Potterville
749,Michelle,Thomas,jeremy19@example.net,South Carolynland
750,Thomas,Estrada,osbornkenneth@example.org,East Justinport
751,John,Carlson,morgansarah@example.net,New Josephville
752,Michelle,Ellis,zthompson@example.net,North Josephfort
753,Alexandra,Brooks,russelllowery@example.com,Port Kristaburgh
754,Gary,Winters,jamessmith@example.com,North Davidmouth
755,Michael,White,qcook@example.net,Turnerton
756,Jerry,Lynch,jjones@example.org,Triciaside
757,Rickey,Buckley,glenn40@example.net,Vegafort
758,Kimberly,Hernandez,tylerlong@example.org,Port Timothy
759,Joseph,Kane,douglas38@example.org,Port Jessica
760,Jason,Weber,penny97@example.com,Harrishaven
761,Daniel,Garcia,morgan74@example.net,East Russelltown
762,Amy,Vasquez,johnroberts@example.net,Tranton
763,Steven,Richards,xhull@example.net,Englishfurt
764,Madison,Arnold,erica24@example.net,Port William
765,Gerald,Ramsey,kimberlymason@example.com,Stoneport
766,Stephanie,Green,tbenton@example.com,West Alejandrostad
767,Wendy,Cross,qwalker@example.com,Robertside
768,Tim,Lucero,jaime55@example.org,West Travis
769,Anthony,French,richard13@example.com,Garrettbury
770,Robert,White,anthonymcdowell@example.net,Dakotafurt
771,Joshua,Parker,saragarcia@example.org,Ritachester
772,Jon,Johnson,caldwellhailey@example.net,Nortonland
773,Jason,Butler,yatesjacqueline@example.net,East Amanda
774,Erin,Chaney,fitzgeraldcraig@example.net,New Jonathan
775,Angela,Cook,brandy14@example.net,Lesliemouth
776,Jamie,Barron,connor67@example.com,Lisaton
777,Denise,Watson,wrightjamie@example.com,West Eugeneburgh
778,Troy,Carter,belindajacobs@example.net,North Matthewburgh
779,Ashley,Ray,pgriffin@example.net,Mccallborough
780,Matthew,Scott,greerjoshua@example.net,Lake Carla
781,Deanna,Hernandez,laura21@example.net,New Matthew
782,Stacy,Marshall,maldonadojennifer@example.com,West Joseburgh
783,April,Osborne,halexander@example.org,North Jessicashire
784,Andrew,Lewis,fjohnson@example.com,Port Pamelaside
785,April,Knox,ericpennington@example.net,Beverlyhaven
786,Sylvia,Guzman,asmith@example.com,Josephmouth
787,Andrew,Fischer,hayesrussell@example.com,New Mackenzie
788,Scott,Hill,alejandro38@example.org,Lake Edwinborough
789,Tiffany,Stevenson,richardroberts@example.org,West Catherinestad
790,Thomas,Anderson,sjuarez@example.net,Andrewland
791,John,Rubio,andrew65@example.net,North Jamie
792,Marcus,Lynn,karenduran@example.com,West Christineburgh
793,Allison,Knox,adean@example.net,East Wendymouth
794,Keith,Ritter,laurenhanna@example.net,West Monica
795,Amanda,Walter,amy01@example.com,East Alexisville
796,Russell,Burns,lijeremy@example.org,East Ryan
797,Stephanie,Johnson,amy93@example.net,North Penny
798,Jennifer,Faulkner,erika97@example.net,North Ashley
799,Ronald,Smith,nharris@example.org,Port Justin
800,Kenneth,Young,tbryant@example.net,Lake Coleside
801,Richard,Gray,patrick41@example.org,Spencerberg
802,William,Hernandez,alicia52@example.net,Port Scottmouth
803,Sandra,Hernandez,newmandanielle@example.com,West Randy
804,Elizabeth,Adams,evanramirez@example.org,Port Spencertown
805,Zachary,Huynh,xjackson@example.net,West Robert
806,Robert,Daugherty,bradleybryan@example.org,West Joseph
807,Sean,Castro,jasmine46@example.org,Kristaville
808,Joshua,Horton,hthomas@example.org,Lake Norman
809,Amanda,Miller,tina54@example.org,South Ashley
810,Shelby,Villarreal,kellylaura@example.com,West Danielle
811,Rachel,Torres,amy19@example.org,South Michelle
812,Daniel,Mckinney,zamorasara@example.com,West Emilyville
813,Johnny,Singleton,kperez@example.net,Brewermouth
814,Heather,Hunter,masontyler@example.net,Barbaraview
815,Kimberly,Gonzalez,slong@example.com,Lake Vanessabury
816,Hector,Owens,wilsonalec@example.com,Dianaside
817,Jason,Espinoza,robertrusso@example.org,Tracyhaven
818,Edward,Shannon,johnlandry@example.net,Lake Angela
819,Timothy,Rivera,joewood@example.org,Escobarland
820,Charles,Rosario,qdowns@example.org,Johnsonborough
821,Jasmine,Young,william68@example.com,Ericfurt
822,Rachel,Bullock,smiller@example.org,West Ethan
823,Amanda,Dalton,flowersrichard@example.net,East Rachelville
824,Jeffery,Weaver,jean27@example.com,Paultown
825,Nicole,Mullen,qramos@example.org,Jessicachester
826,Stephen,Guerrero,johnny45@example.com,Jessemouth
827,Anita,Gould,bonniewilliams@example.org,Jeanhaven
828,Derek,Hill,kylehart@example.net,New Gilberttown
829,Jacob,Scott,freemancarrie@example.com,East Stuartville
830,James,Case,beverlyhickman@example.org,Alvarezshire
831,Chad,Perez,dianagonzalez@example.org,Port Thomas
832,Mercedes,Taylor,kjohnston@example.org,Harrischester
833,Morgan,Murphy,jennifer03@example.com,Port Rebeccafort
834,Sophia,Small,jeanettebarnes@example.org,Spencerborough
835,Elizabeth,Berry,timothy08@example.org,North Robert
836,Arthur,Allen,amyadams@example.com,Sydneytown
837,Mitchell,Owens,cynthiasoto@example.org,Gilbertmouth
838,April,Reyes,olucas@example.com,South Jessicaview
839,Keith,Mckinney,xlester@example.com,Jessehaven
840,Nicholas,Palmer,michael60@example.org,Stevenland
841,Michael,Baker,christiancook@example.com,Port Alisonfurt
842,Jonathan,Johnston,traviswhite@example.com,Bridgesstad
843,Francis,Woods,christophersmith@example.org,East Jared
844,Christopher,Lopez,fryescott@example.net,West Davidstad
845,Charles,Davis,christopher41@example.com,Owenburgh
846,John,Wright,bakershawn@example.org,East Matthew
847,Amy,Olsen,careyjenna@example.com,Christineshire
848,Jonathan,Boyd,palmerdillon@example.net,Wesleyton
849,Bryan,Black,udavis@example.com,Patrickshire
850,Jonathan,Ramirez,rebecca83@example.net,East Jennifer
851,Brenda,Green,otucker@example.net,West Mario
852,Christopher,Turner,donald41@example.net,Georgefort
853,Lucas,Mccoy,jessicaellison@example.net,Charlesborough
854,Nicole,Hunter,whunt@example.net,New Davidberg
855,Shannon,Mccormick,maryjackson@example.net,Hartmouth
856,Sara,Livingston,bryan82@example.net,Tonyabury
857,Andrea,Black,theresaleach@example.com,South Christopherstad
858,Bryan,Mcmillan,rcarter@example.com,Brianside
859,Christopher,Hess,lori76@example.com,Lake Jamesfurt
860,Edward,Johnson,zcooper@example.org,North Daniel
861,Susan,Moreno,audreylong@example.net,Walshhaven
862,Stephanie,Moore,amanda37@example.com,North John
863,Laura,Villa,erinmccall@example.net,West Melissa
864,Jamie,Scott,mariataylor@example.com,Danielborough
865,Norman,Evans,whitecarl@example.net,Lake Susanmouth
866,Jasmine,Webb,trevorcox@example.org,Danielsberg
867,Yvette,Bauer,richard79@example.org,Brianfort
868,Jeremy,Phillips,oingram@example.net,Padillaview
869,Kurt,Woods,kmorris@example.org,Alvarezland
870,Nicholas,Landry,gonzalezscott@example.net,Curtisview
871,Roy,Walls,rebeccagarza@example.com,South Kimberly
872,Ryan,Powell,ericbrown@example.com,Williamsland
873,Matthew,Ayala,mitchellpatricia@example.net,Melissaside
874,Jeremy,Young,kgonzalez@example.net,Lake Javier
875,Melissa,Davis,tony74@example.net,North Julie
876,Aaron,Perkins,nunezkatie@example.net,Pattyfort
877,Eric,Rodriguez,hollandharold@example.org,Erictown
878,Cassidy,Gomez,nbarton@example.com,Maciasport
879,Timothy,Martinez,jennifermcintosh@example.org,Port Loristad
880,Melissa,Knapp,owensbernard@example.com,East David
881,Dale,Santos,justin25@example.com,Pachecofurt
882,Alyssa,Nelson,davidstewart@example.com,East Gabriel
883,Robert,Ramos,stephaniekane@example.com,Nathanielchester
884,Andrew,Gray,andrew78@example.org,Conwaystad
885,Heather,Nichols,shieldsronnie@example.net,North Linda
886,Jesse,Johnson,wwilkinson@example.net,Landrychester
887,Christine,Myers,georgehoffman@example.com,Dorseyfort
888,Alicia,Steele,tthompson@example.net,Tracytown
889,Shannon,Porter,gregorybrewer@example.net,East Thomasville
890,Suzanne,Buchanan,schroederbarbara@example.net,New Mikefurt
891,Rebecca,Parks,ericapage@example.net,New David
892,Daniel,Jenkins,michealjohnson@example.org,West Timothytown
893,Robert,Henderson,juliecallahan@example.net,East Sydney
894,Elizabeth,Hunter,jnunez@example.org,Juliabury
895,Jessica,Leblanc,davidcole@example.com,Curtischester
896,Randall,Harrison,mark43@example.org,Terrymouth
897,Audrey,Blackburn,wmiller@example.net,Cherylland
898,Larry,French,nancy93@example.org,Lake Tyrone
899,Michelle,Todd,amymatthews@example.com,Snyderburgh
900,Frank,Martinez,gsimpson@example.com,Lake Michaelland
901,Bobby,Mclaughlin,ythomas@example.org,Jesusmouth
902,Kelsey,Hall,nancyjohnson@example.net,West Jennifer
903,Monique,Fuentes,daniel27@example.org,New Karenside
904,Susan,Martinez,nicole97@example.net,Pateltown
905,Chris,Dennis,shelbyanderson@example.com,East Mary
906,James,Wilson,icraig@example.org,Lake Alexandraberg
907,Kelly,Montes,stephensmorgan@example.net,Alvarezfurt
908,Brandi,Nixon,brownrobert@example.net,South Kevin
909,Tammy,Cox,henry80@example.org,Millerborough
910,Anthony,Barr,anna81@example.com,Gregoryview
911,Charles,Underwood,xbowman@example.org,Mitchellville
912,Alicia,Smith,byates@example.com,Garciamouth
913,Robert,Lin,theresa52@example.net,Port Nancymouth
914,Kelly,Harmon,pwilliams@example.net,Anthonyshire
915,Gary,Cohen,patrick20@example.org,Lake Jamieview
916,Bryan,Nguyen,brendafrench@example.com,North Lisa
917,Justin,Bray,christineduran@example.com,South Shellyburgh
918,Bethany,Jackson,taylornguyen@example.net,Barnesmouth
919,Kimberly,Mcmahon,jordanbrady@example.net,Lake Martinfurt
920,Rachel,Gallagher,aaronmiller@example.net,Port Nicholemouth
921,Denise,Obrien,lturner@example.org,East Alyssa
922,Emily,Baldwin,michaelgates@example.com,Amberchester
923,Melissa,Johnson,pcolon@example.org,Richardsshire
924,Phyllis,Lewis,collinschristopher@example.org,East Breanna
925,Mario,Schultz,lisacastillo@example.com,Castilloburgh
926,Wendy,Smith,deborah90@example.org,Perezmouth
927,Shannon,Brown,wendychaney@example.net,Port Devonshire
928,Kenneth,Baker,sbrown@example.org,Port Shari
929,Jessica,Marquez,staceymartin@example.com,Spencerport
930,Joshua,Turner,paul55@example.net,Mossville
931,Brandon,Coleman,warnerpaul@example.org,South Crystal
932,Kristen,Moore,tylersanchez@example.net,Brianton
933,Bill,Carpenter,castillopaul@example.org,Richardshire
934,William,Smith,james57@example.net,Donaldville
935,Natasha,Dillon,karen32@example.org,Garciaport
936,Katherine,Gardner,carly57@example.net,Port Jeffreyville
937,Johnny,Hicks,teresa08@example.net,West John
938,Jacob,Guzman,aguilarjared@example.org,Lake Nicoleport
939,Jonathan,Jenkins,iwong@example.net,West Stacystad
940,Debra,Ponce,shanemann@example.net,Crawfordview
941,John,Lewis,justin56@example.net,Lesterview
942,Jacob,Diaz,hhenry@example.com,Rojasville
943,Kathy,Rogers,maria09@example.com,South Joseph
944,Kayla,Alvarado,karenortiz@example.org,Sarahberg
945,Nicholas,Martinez,cfletcher@example.org,Jonestown
946,David,Anderson,aaronschmidt@example.org,Port Penny
947,John,Hughes,omccoy@example.com,West Michaelberg
948,Matthew,Smith,joshuacannon@example.com,Lake Lindsey
949,John,Mitchell,diana09@example.com,Lake Hectormouth
950,Christina,Valentine,williamsashley@example.org,New Daniel
951,Eduardo,Hurley,zolsen@example.com,Henryborough
952,Arthur,Mack,griffithmichael@example.org,Lake Sabrinaville
953,Brittany,Reyes,palmerdebra@example.net,North Stevenberg
954,Michelle,Patton,raymond88@example.net,North Isaacton
955,Gabrielle,Garrett,qsingleton@example.org,North Karina
956,Brandon,Hernandez,nwalsh@example.net,Ericchester
957,Savannah,Frazier,sean81@example.net,Lake Williamhaven
958,Lindsey,Farrell,kellycaldwell@example.org,Jamesbury
959,Matthew,Hayes,sandrarobinson@example.com,Port Ellenland
960,Vincent,Smith,zhines@example.net,Payneburgh
961,Ronald,Branch,aallen@example.com,Obrienville
962,Michael,Wright,todd09@example.org,Lake Amy
963,Christopher,Hanson,cody76@example.com,Darylburgh
964,Tim,Greene,uhernandez@example.org,East Ashleyberg
965,Ashlee,Johnson,lowehaley@example.com,Christopherfurt
966,Jason,Ray,lesliemurillo@example.net,Port Jeremychester
967,Emily,White,cantucharlene@example.net,East Kevinfurt
968,Cheryl,Gutierrez,barbara10@example.org,Williamhaven
969,Tonya,Durham,xgoodman@example.com,Ponceburgh
970,Deborah,Wilson,laurenharris@example.com,Angelaside
971,Wesley,Moss,jason38@example.org,East Jennifermouth
972,Lisa,Stewart,davidwalton@example.org,West Lorimouth
973,Derek,Graham,lisa90@example.org,Thomasside
974,Alexis,Hale,webstermelissa@example.com,Manninghaven
975,Shawn,Smith,zbrown@example.org,Lake Brittanyfort
976,Jennifer,Cox,kellie27@example.com,New Caroline
977,Michael,Dickson,richardgray@example.net,West Teresaville
978,Michael,Patterson,jclark@example.net,Fieldsburgh
979,Jessica,Perez,josephperez@example.com,Freemanmouth
980,David,Hensley,zavalabilly@example.net,Serranohaven
981,Nicole,Mendoza,youngjoseph@example.net,Matthewport
982,William,Campbell,unewman@example.org,Lake Darius
983,Jacqueline,Reid,pduncan@example.net,West Shannonburgh
984,Edward,Holloway,mcdonaldheather@example.org,East Joshua
985,John,Rosales,williamsantiago@example.net,Sullivanview
986,Regina,Joseph,jacob61@example.org,Chavezland
987,Rachel,Garcia,mullenshawn@example.net,Port Shawnside
988,Holly,Clark,austinmeadows@example.org,Reillystad
989,William,Baker,monica59@example.com,South Mark
990,Lauren,Banks,james31@example.net,Scottshire
991,Richard,Fleming,opowell@example.com,Sextonmouth
992,Wendy,Tran,albertpratt@example.com,Walterschester
993,Arthur,York,beth60@example.net,Foxborough
994,Scott,Aguilar,zscott@example.org,Catherineborough
995,Christopher,Nelson,xhughes@example.net,West Janet
996,Colleen,Durham,elizabethvaldez@example.com,Simsborough
997,Michelle,Cook,tnichols@example.com,Mcphersonview
998,Michelle,Kirk,derek06@example.com,West Jamesport
999,Patricia,Brown,frostamanda@example.net,Allenview
1000,Ernest,Daniels,jennifer03@example.org,Tylershire
